number,value,state,params_colsample_bytree,params_learning_rate,params_max_depth,params_min_child_samples,params_min_child_weight,params_min_split_gain,params_n_estimators,params_num_leaves,params_reg_alpha,params_reg_lambda,params_subsample,params_subsample_freq,user_attrs_fold_log_losses,user_attrs_mean_validation_log_loss
0,0.6580316858241385,COMPLETE,0.9130144947537079,0.06978211022792681,8,141,7.072114131472227,0.020584494295802447,1124,41,0.002570603566117598,1.084636916089126,0.5748773697613773,1,"[0.6836246883070104, 0.6716436901699914, 0.6935562431988096, 0.6864445749788224, 0.6903855697000615, 0.6595428386356726, 0.6918067776093685, 0.6926070378337671, 0.6826282473966856, 0.6947213596059241, 0.6932441713551264, 0.5892445979048031, 0.5269942941073174, 0.6940763873436959, 0.6243664493481492, 0.6675774615195491, 0.5440742699955989]",0.6580316858241385
1,0.6576937293309308,COMPLETE,0.5392989411287272,0.009008485225328879,4,257,0.0067890532716984855,0.29214464853521815,2132,17,0.0032112643094417484,0.0006236936575328396,0.7518830871834741,4,"[0.6849784095774432, 0.6713074847520042, 0.693196675611198, 0.6883201666225963, 0.690827070946128, 0.6598357792867323, 0.6901697339148627, 0.6930095498311402, 0.6772633396867597, 0.6932064219156758, 0.6930113966364682, 0.5840945708917268, 0.5264280484646755, 0.693174528269278, 0.6286320043232076, 0.6691248320333426, 0.5442133858625854]",0.6576937293309308
2,0.6576796393113209,COMPLETE,0.4608406803967395,0.04409771327642757,4,482,1.1015056790269626,0.9656320330745594,1303,36,3.850031979199519e-08,25.566437378681954,0.5222961981055989,5,"[0.6883947811063138, 0.6749514710090677, 0.6934608066047931, 0.6888027815414991, 0.6910682434458829, 0.6569955153739774, 0.6900606911940605, 0.6927886567137669, 0.6756191452348286, 0.6935719559451426, 0.6923340538589955, 0.5806101245965118, 0.530711511733805, 0.6932048212525663, 0.6248382570092337, 0.668814440788042, 0.5443266108839666]",0.6576796393113209
3,0.6587038010758887,COMPLETE,0.9410582613512083,0.006555094372947843,7,115,0.039841905944346875,0.31171107608941095,970,32,2.133142332373004e-06,0.5966156286465789,0.7376849168534096,1,"[0.6836071148936917, 0.6756900347910832, 0.6931919698807595, 0.688409168204298, 0.6916629424974043, 0.6567299883519998, 0.690624841935569, 0.6931583078526741, 0.6781338670215086, 0.6931347351418601, 0.6931513703856403, 0.5871019966605835, 0.5297042031923112, 0.6931726625529928, 0.6319484595412634, 0.6703838964753374, 0.5481590589111298]",0.6587038010758887
4,0.6579901229890727,COMPLETE,0.9492182527650259,0.008347510002350119,9,753,0.004233032996527599,0.045227288910538066,1503,51,6.257956190096665e-08,0.0013088818765702626,0.9295171282052714,5,"[0.6901046918555309, 0.671884503291914, 0.6932465712992616, 0.6862147493270143, 0.6911039931555366, 0.6601398661495499, 0.6905626601636229, 0.6924161938596225, 0.6766736542887783, 0.6931627637543513, 0.6929785120016748, 0.5826427848032963, 0.5296671172035331, 0.6932440521795834, 0.6263730304880661, 0.6686283410553434, 0.5467886059375549]",0.6579901229890727
5,0.6583564523345752,COMPLETE,0.8714280374901258,0.01060979019033453,8,239,0.0009853225172032562,0.7722447692966574,1155,27,4.6876566400928895e-08,42.09582733145515,0.7604941199159593,1,"[0.6846104453312774, 0.6758906152926847, 0.6932461454136787, 0.6881622892172964, 0.6911966355386757, 0.6612879497835696, 0.6902754489173224, 0.6929199180430724, 0.6755566734062635, 0.6931638611053845, 0.693131269022948, 0.5877147425809893, 0.5295518762221774, 0.6932522145682792, 0.6301902474979503, 0.6682026151402359, 0.5437067426059735]",0.6583564523345752
6,0.6580971245922428,COMPLETE,0.42531488869133427,0.047960467239636484,7,622,0.00020786996906897802,0.3308980248526492,312,48,0.5860448217200517,0.3565802856513584,0.5355414328323633,3,"[0.6961889429669297, 0.674686054023093, 0.6936864387104354, 0.6878810026870574, 0.6896498620579168, 0.6567092711573626, 0.6901095276014745, 0.6930304039625603, 0.6779397466104727, 0.693943477125889, 0.6920845972178922, 0.5843083285330631, 0.5277956012653552, 0.693254162776974, 0.6247983942852119, 0.668234137694654, 0.5433511693917853]",0.6580971245922428
7,0.6582269156123713,COMPLETE,0.8136091116949468,0.012317703342786175,8,712,0.02944272359149678,0.770967179954561,984,43,0.0703178263660987,0.15801630895971636,0.7266631640777357,1,"[0.6896384245253688, 0.6740811313539147, 0.6933854357704435, 0.6872835153420959, 0.6908836965490132, 0.6601445111484825, 0.690147511408355, 0.6930475039315019, 0.6758738293771607, 0.6931149808139284, 0.6929622318313872, 0.5850584825983227, 0.5285397507786043, 0.6933406850736138, 0.6262111875984228, 0.6677946486623454, 0.5483500386473518]",0.6582269156123713
8,0.6572029484780997,COMPLETE,0.6805709492570569,0.01635990162852088,3,44,0.5994537656798818,0.41038292303562973,1450,13,1.4726456718740824,0.0026345651108740918,0.8054769974066146,3,"[0.6823745099587278, 0.6698543063791269, 0.6933945040103817, 0.6874699207382643, 0.6907187441308792, 0.658426174401386, 0.6896740923588084, 0.6930165865886943, 0.6778689116766794, 0.6932854103657696, 0.6929175068639348, 0.5834828964511546, 0.5281505134159299, 0.6932255144346349, 0.6280650362353439, 0.6674623007522236, 0.543063195365755]",0.6572029484780997
9,0.6582920346610749,COMPLETE,0.9164493836220166,0.006189606672462582,5,746,0.049740621749684084,0.8925589984899778,803,16,0.1710207048797339,0.0011567970416380246,0.8878977821909202,5,"[0.6895831527958614, 0.6716803194048785, 0.693217368638163, 0.6867245250761386, 0.6913510095642538, 0.660187805840538, 0.6904801368303529, 0.6930845381609961, 0.6764503386312973, 0.6931062752821205, 0.6926819977940538, 0.5868822980603348, 0.5299055155461917, 0.6932153213931136, 0.6268491934593831, 0.6690817362734881, 0.5464830564871077]",0.6582920346610749
10,0.6579582011759154,COMPLETE,0.45428407635592705,0.010962029839145527,4,46,0.05520882839839006,0.6440442898170529,710,7,0.19790862843021972,0.0018605972759188794,0.8338246980481406,3,"[0.6834053009709887, 0.6715560577942721, 0.6932346491971308, 0.6871540222941585, 0.6911940456868643, 0.657729469778791, 0.6896046336670574, 0.6930997974820909, 0.6784067793309654, 0.6932684214294504, 0.6929996044267683, 0.5864403944082128, 0.52857100761615, 0.6931958957999763, 0.6298857761953521, 0.6673830185620044, 0.5481605453503294]",0.6579582011759154
11,0.6573548741345971,COMPLETE,0.5369876855342279,0.06424456097568783,3,598,0.47022453400133934,0.8274129213230007,1782,28,4.1098792533339294e-05,39.151127332741,0.5071391228735198,5,"[0.6932467549461148, 0.6772844644270524, 0.6937580163812059, 0.6880505079380677, 0.6923778164351256, 0.6566437260441441, 0.6909823984624258, 0.6929955358802162, 0.6756910310179958, 0.6936954305469112, 0.6932516254531726, 0.5794423778719476, 0.5242799630270395, 0.6935730814001753, 0.6224202739011292, 0.6689435887156466, 0.5383962678397807]",0.6573548741345971
12,0.6576887239222604,COMPLETE,0.5879744825619122,0.05559558041883278,5,696,1.8063026292864757,0.8175355076386521,1851,24,0.0015244150949041974,0.4139311598949438,0.5134764901437924,6,"[0.6931471805599453, 0.6747896241579172, 0.6934013536467432, 0.6869188311647062, 0.6922783879187512, 0.6591281072076809, 0.6901067563824196, 0.6931413612430809, 0.6756259151855836, 0.6937756520904607, 0.6930919322831375, 0.5809671312901269, 0.5243428686784287, 0.6935139601115373, 0.6204912918846411, 0.6708424873259127, 0.5451454655473548]",0.6576887239222604
13,0.6574311006446939,COMPLETE,0.5735685535574068,0.02327135878903347,3,40,0.2929872053984401,0.37458564345214007,1305,26,0.38880511249225963,0.04074751006275296,0.5719890595913268,3,"[0.6832368421647277, 0.6700257222924464, 0.6934208406072002, 0.688907210993444, 0.6909787210607751, 0.6580170826821573, 0.6905842681319291, 0.6929904453900058, 0.6767944101970926, 0.6933576074449986, 0.693086637530903, 0.581647767238984, 0.5262865894950182, 0.6932798547432764, 0.6299857005921023, 0.6681763153951674, 0.5455526949995654]",0.6574311006446939
14,0.6572454192311916,COMPLETE,0.9701063299842663,0.0451963857955699,3,30,0.31636999129648535,0.2678208417826189,1453,11,1.5521961798668555,0.00021099074957059901,0.9214551631476897,1,"[0.683809379218996, 0.6700871574324215, 0.6936639675130847, 0.6870627760017471, 0.6900480499334329, 0.6591419137041613, 0.6892081066434651, 0.6932705742368704, 0.6788124123418667, 0.693688048246073, 0.6929079991644217, 0.5811719031496706, 0.5283698901165842, 0.6934519490643501, 0.6288958167313204, 0.6667944594716111, 0.5427877239601817]",0.6572454192311916
15,0.6577315762952973,COMPLETE,0.9352377047349261,0.0409749867862737,4,73,0.0174056035213649,0.050023468304082025,1268,9,0.46359771927258414,0.003318251925998751,0.9389249286958723,3,"[0.6814491101039543, 0.6703818001512934, 0.693612972165634, 0.686407494538724, 0.690447114078188, 0.6588905842779778, 0.6897633306126247, 0.6931045960320411, 0.6777479707270162, 0.6936731863227609, 0.6929352165550733, 0.5869850818427199, 0.5279968915349996, 0.693464033305535, 0.629374920332789, 0.667717696737836, 0.5474847977008889]",0.6577315762952973
16,0.6577446584805208,COMPLETE,0.8930083413428035,0.057044306596434384,3,90,5.994397961330488,0.727269512646282,1996,10,0.004602391983739517,0.0008912945600229374,0.9404495651624439,2,"[0.6841348953883862, 0.6706942954857888, 0.6938747306952497, 0.687654060865881, 0.6910324298724322, 0.6586913639705944, 0.689183533556137, 0.6933028240526993, 0.6791971475672653, 0.6938272112659751, 0.6929022535521694, 0.5843613289478716, 0.5302635758698427, 0.6935373821284029, 0.6284732925386002, 0.666197433385195, 0.5443314350263635]",0.6577446584805208
17,0.6579541217716189,COMPLETE,0.8517292499622551,0.019312259083721146,4,199,9.333643048967753,0.16601241398326122,1161,16,0.7047122070610022,1.051191735655827,0.7922250923090931,6,"[0.6865192965151835, 0.6730887143261581, 0.6933843059145082, 0.6879130717802439, 0.690999398043587, 0.6556784001327649, 0.6908564789836231, 0.6931355123311926, 0.6779474321828782, 0.6933881238430529, 0.6926487429184226, 0.5857540108317079, 0.5292944755066932, 0.6933096035177301, 0.62756314729683, 0.6687247177907534, 0.545014638202191]",0.6579541217716189
18,0.6578761627140327,COMPLETE,0.9943483810922868,0.047932661644928695,4,34,7.186212549718542,0.39834734728007043,1003,14,1.5627868176780668,0.04995748374565416,0.8458742749047768,2,"[0.6823348793187308, 0.6757254674650671, 0.6935424094835178, 0.689931422635195, 0.6901831572040088, 0.6544532818730775, 0.6905431162601193, 0.6932771797232429, 0.6775577215741385, 0.6938861646172735, 0.6931800611434638, 0.5872818639503403, 0.5274614233100262, 0.6934945113747506, 0.6273366161915841, 0.6683689470751095, 0.5453365429389105]",0.6578761627140327
19,0.6574564841031988,COMPLETE,0.8801510456175449,0.021941527385416142,4,501,0.7492269590313309,0.022871993256536577,2021,14,0.029426813212116917,0.0023780163689571484,0.9100603036996948,1,"[0.6820847980363937, 0.668595607214722, 0.6933169420233382, 0.6866914752693878, 0.690642455242665, 0.6590109280489065, 0.6895617738030806, 0.6931183745344858, 0.6788658523963104, 0.6934212169000137, 0.6929289225875659, 0.583753888588703, 0.5294481670281417, 0.6933401458426556, 0.6282854505529893, 0.6690257403849942, 0.5446684913000258]",0.6574564841031988
20,0.657598572336487,COMPLETE,0.6277621605943501,0.014500464040143742,3,20,0.2124532761556824,0.11065343221157614,1011,7,1.273375043516221,0.0010322840505143406,0.9133830034708005,1,"[0.6840253366882361, 0.6710586475206048, 0.6932242638164262, 0.687182868515066, 0.6916834289724328, 0.6595733527645633, 0.6891511903458205, 0.6931328281653292, 0.6783314949056068, 0.693274515659602, 0.6928518795702606, 0.5831966054146644, 0.5280523958351271, 0.693240441897763, 0.6281222000246388, 0.668414365573934, 0.5446599140502043]",0.657598572336487
21,0.6567364115437311,COMPLETE,0.6718163940589609,0.03427195314024607,3,373,0.12716413037716,0.7739450499593591,2086,28,0.0026050251655243325,27.07632563810457,0.7528636806894177,6,"[0.6833357486674769, 0.6695529030521699, 0.6931087129533, 0.6865458945471572, 0.6903691800458396, 0.6555801786819788, 0.6884306695594012, 0.6930865627239832, 0.678112176823769, 0.6935159091968724, 0.6930197139854642, 0.5830713312121976, 0.5264141384994149, 0.6933496649937263, 0.6249113222820224, 0.6684931429208846, 0.5436217460977706]",0.6567364115437311
22,0.6574452952608606,COMPLETE,0.5122340876404966,0.013742435150971415,3,394,0.45633874868524343,0.7343451824988929,1521,17,0.0038557001664292693,23.2929608453356,0.8398934008040169,5,"[0.6826522436551969, 0.6712899770686881, 0.6932658633870158, 0.6871242639944469, 0.6910402784644948, 0.6606325488419913, 0.6892874083127221, 0.6930655391751264, 0.6782190323696827, 0.693272091041242, 0.6930810512336125, 0.5811345212559058, 0.5275977021381234, 0.6932369350010688, 0.627657723500294, 0.6687027320534692, 0.5453101079415477]",0.6574452952608606
23,0.6569400010585216,COMPLETE,0.5889916750465511,0.04268043656643479,3,234,0.23003631191431925,0.8247604980163971,2227,33,0.0034974465119255406,44.53164527846023,0.7241351200706019,7,"[0.678169344051192, 0.672093781453017, 0.6935898480645535, 0.6874349230556257, 0.6916972783715987, 0.6544176038235243, 0.6903382614772265, 0.6930082690475752, 0.6782223487804556, 0.6935036180319925, 0.6928240357462023, 0.5824992768203411, 0.5284729486689834, 0.693408876247537, 0.6290156259488578, 0.6650577004966824, 0.5442262779094994]",0.6569400010585216
24,0.6572320170314491,COMPLETE,0.5909803789524986,0.02727874070252,3,198,0.1701941945184465,0.8127262551391328,2498,41,7.705293866879148e-05,3.3289862588203194,0.6346987883105943,7,"[0.6809230477841826, 0.672010752699751, 0.6934607502232487, 0.6888344216419712, 0.6915728368999379, 0.6562467218286944, 0.690795443100384, 0.6931458382188691, 0.6795509147322093, 0.6934522623636844, 0.6929440926356859, 0.5796553632844478, 0.5269712207939461, 0.6933307981255898, 0.6280054077656886, 0.6666377227496012, 0.545406694686742]",0.6572320170314491
25,0.6567252864885823,COMPLETE,0.7031671099688972,0.04396836613643167,4,372,0.0007962333224198758,0.68521582902704,2105,15,0.030906633323513254,42.90521620129297,0.7175484020289852,7,"[0.6842370209806014, 0.6688903913055778, 0.6935927052575154, 0.6868837127025654, 0.6909260459178643, 0.6508672818790027, 0.6903364036673788, 0.6930501430012965, 0.6790810396069266, 0.6935716756190095, 0.6928966563851008, 0.5799983971131519, 0.5285777154625918, 0.6934174330119256, 0.624223544270682, 0.6682275616494926, 0.5455521424752163]",0.6567252864885823
26,0.684745568824887,PRUNED,0.6626095335000687,0.03278909780576579,3,180,0.0014605996362043773,0.5708971175104137,2395,24,1.2159815768553814,44.58210768848258,0.648447861743478,4,,
27,0.6566841304138483,COMPLETE,0.899289496413644,0.03978672081777667,3,352,0.0001760209916491058,0.5205314101423647,1805,18,7.91022653090597e-05,4.778073187781372,0.6130429416467147,7,"[0.6870232730739269, 0.6676289876930269, 0.6936055890430548, 0.686721254155819, 0.6902531938642196, 0.6521682568404561, 0.6910672431406336, 0.6931508704650724, 0.6816446928997645, 0.6936151767885805, 0.6934140934417993, 0.5763928320502986, 0.526533236657765, 0.6934702679074288, 0.6231647857376187, 0.6668603168003242, 0.5469161464756354]",0.6566841304138483
28,0.6841128724059423,PRUNED,0.8136836200893582,0.04784162489006148,3,425,0.00011474995225513984,0.8206304377580417,1514,12,0.0025006622606033387,0.01750671340067755,0.5974155864828053,6,,
29,0.6840903130093109,PRUNED,0.9435103443567768,0.015074801480477833,3,299,0.0005784401887797448,0.4470141095001418,2269,15,0.0001276374029266092,2.9928628628657457,0.5263841093170606,6,,
30,0.6834521295210539,PRUNED,0.9937352292907115,0.021194369870384304,3,340,0.0002302606882594085,0.5480395490356306,1060,28,1.0716182216605028e-07,5.006664736226059,0.6934037361869914,6,,
31,0.6829026731602207,PRUNED,0.7815582446551246,0.04080935119663544,4,311,0.005696853268493945,0.8531993478201991,1764,11,2.6120678213735986,24.298534293873892,0.832125331894391,7,,
32,0.6565463313650851,COMPLETE,0.9439666987821498,0.06817125334170729,4,412,0.00021729674143726848,0.39216729730667144,2078,11,1.2788978590271325e-05,1.780841052806526,0.7165224466507919,7,"[0.6813145867971646, 0.6675776751749386, 0.6937300923488902, 0.6851129625504634, 0.6898138196723171, 0.654769857658474, 0.689563210910028, 0.6930657555641085, 0.6799501317938005, 0.6940820440531297, 0.6934024270983842, 0.5819532406177675, 0.5279095430364102, 0.6935092994038662, 0.6222810373292091, 0.6707020348520135, 0.5425499143454802]",0.6565463313650851
33,0.6566012614369839,COMPLETE,0.8969435328053326,0.07189865542653456,3,413,0.000111925383415297,0.40416402188214007,2427,10,8.75062864044103e-07,3.50081760778714,0.7401779043760975,4,"[0.6818947929241487, 0.6685997236109062, 0.6939835423764342, 0.6872453069212207, 0.690931014688985, 0.6579770694727418, 0.6891388608750416, 0.6932313097623684, 0.680663805009185, 0.6942494305717845, 0.6931746580139675, 0.5750859279819358, 0.5256051992543886, 0.6934233240257284, 0.623424796739645, 0.6687592910528899, 0.5448333911473567]",0.6566012614369839
34,0.6566384156843281,COMPLETE,0.8603773010292782,0.06968944268934903,3,297,0.003714192481700825,0.22303496321741376,2341,11,9.439847067824479e-07,2.4646238713984614,0.7530443391373504,4,"[0.6756856297794431, 0.6668892552662824, 0.693777631770505, 0.6871565590134385, 0.6916766856618716, 0.6594092740295524, 0.6883649172360262, 0.6933075312446442, 0.679535339649427, 0.6940019984151565, 0.6932446175469162, 0.5787616646824064, 0.5281231563335641, 0.6933896273405183, 0.6239585827249949, 0.6711242554635022, 0.5444463404753297]",0.6566384156843281
35,0.657008835320179,COMPLETE,0.9597287842912553,0.06039036630293177,3,382,0.00014004035359517947,0.10566929301109462,1964,11,5.461364687450899e-06,1.3328244345912086,0.7371160619811804,2,"[0.684654260207457, 0.6677280726580744, 0.6935817005756799, 0.6873615080745492, 0.6903799880906478, 0.6581993760709242, 0.6888144570182438, 0.6932161691022067, 0.6751360150442874, 0.6938322355079022, 0.692926147603326, 0.5828030169443345, 0.5289744303748715, 0.6933857414504843, 0.6252981534773475, 0.6681393188439481, 0.5447196093987574]",0.657008835320179
36,0.6560641267680387,COMPLETE,0.9649649257868288,0.0685531077793493,3,389,0.0026611992667091014,0.1935702371000226,2293,12,2.6525944332685465e-05,1.386454378518115,0.7150300950530979,7,"[0.6834351950919544, 0.6680060289485438, 0.6937200488569578, 0.6855090305965447, 0.6904541004261141, 0.6556276706116365, 0.6905108571324704, 0.693286089647056, 0.6796370081019997, 0.6935078972724223, 0.6926999906721023, 0.5756700175690985, 0.5244545250142132, 0.6934276712297748, 0.6216561457673453, 0.6689543863131723, 0.5425334918052529]",0.6560641267680387
37,0.6564882452208182,COMPLETE,0.7572757031021302,0.03763139623944985,3,422,0.07477386720610839,0.42486298479646056,1927,18,1.7561117169980628e-08,0.6163979257093946,0.8278787660132378,4,"[0.6806351087879768, 0.6676271856266736, 0.693498878115482, 0.6875137462471026, 0.6916072611162898, 0.657729620479653, 0.6881538388791001, 0.6931608163087031, 0.677920441483074, 0.6935651079500792, 0.6926605878974974, 0.5808930877381616, 0.5250660772105602, 0.6933977143610753, 0.625919542023136, 0.6684379142499779, 0.5425132402793633]",0.6564882452208182
38,0.6839644781262474,PRUNED,0.9000166999970897,0.052912708644162504,3,635,0.0007730896317239919,0.09023378178795277,2122,14,3.2382786323652135e-06,3.0869459872208376,0.7693617586458356,7,,
39,0.6567110271158664,COMPLETE,0.9319438827978163,0.06848195159627461,6,429,0.00012337329365554985,0.7250552403762228,2257,27,2.587185045008456e-07,3.276274233299099,0.7111277923523563,4,"[0.6835096953943783, 0.6680706517955232, 0.6939739636638123, 0.6854112089713879, 0.6891745076373837, 0.6599002294440678, 0.6914034044739956, 0.6930157727270123, 0.6776002122878695, 0.6931421553708045, 0.6931777259022152, 0.5829013738754982, 0.5275801776741502, 0.6939644388800175, 0.6234472556787289, 0.664167907895265, 0.5436467792976181]",0.6567110271158664
40,0.68452246259649,PRUNED,0.7178222324675865,0.037212961332790694,3,625,0.07346536889952984,0.4843179328709292,1175,24,2.623978451510954e-08,1.8500187750388954,0.7750540631534084,4,,
41,0.6572380348697574,COMPLETE,0.738420744813814,0.0713107407353746,4,211,0.13824277269588323,0.3502481089929478,2454,26,3.786891749201014e-07,0.5857855168096994,0.7899244661910969,3,"[0.6832059423947598, 0.6689310982953284, 0.6938096176382467, 0.6877930253907992, 0.6912998982223435, 0.6569264620818024, 0.6903961532969116, 0.6929551871630882, 0.6790176025852216, 0.6941642336071765, 0.6932157812072939, 0.5829635295678018, 0.5251817078176751, 0.693338787311135, 0.6286919692117259, 0.6680599621988755, 0.5430956347956909]",0.6572380348697574
42,0.6564512454776006,COMPLETE,0.9971339279933722,0.05241789700819338,6,331,0.024220497739005007,0.12305135929864872,1619,11,2.773079892673853e-06,6.190964578549035,0.700955598293187,7,"[0.6798889417048585, 0.6674903665009373, 0.69348765178135, 0.685152061078222, 0.691121321418503, 0.6532157595761902, 0.6899345619323611, 0.6930057231749045, 0.6790700632528207, 0.6935374933238463, 0.6928063357406019, 0.577261540764208, 0.5275911091570477, 0.6937295086685541, 0.6249676676948165, 0.6693808918116685, 0.5480301755383196]",0.6564512454776006
43,0.6841699444502543,PRUNED,0.8889148825501859,0.07549276390334086,5,448,0.378134118707576,0.008558015907164512,1899,15,4.166864772786268e-05,11.862118483466373,0.6057082143004143,7,,
44,0.6568353347031805,COMPLETE,0.9901659489875082,0.03608971515111153,9,318,0.042556766343869644,0.0024819007509059854,1100,9,0.0003137840702372854,6.35288453813622,0.6151650716912747,6,"[0.6835374681019569, 0.6673706873459854, 0.693309508096711, 0.6879890496681099, 0.6873382227092837, 0.6558202655808605, 0.6913322568097303, 0.6931218653814838, 0.6788545304012952, 0.6934684844877955, 0.6932917088794716, 0.5795078942769638, 0.5288707469869366, 0.6934703370964043, 0.6268308359698757, 0.6674418809575576, 0.5446449472036459]",0.6568353347031805
45,0.6828272618930676,PRUNED,0.9554361338721551,0.04786171690994724,5,50,0.0002628151434633489,0.5704501264546925,2103,13,3.900352411039569e-06,3.1399787224349596,0.8741472808313203,6,,
46,0.6829140632059878,PRUNED,0.8673602268793715,0.05836656839362408,6,202,0.08609017793074167,0.14763217656785602,1104,28,5.040083092439501e-08,2.129323647892512,0.6655883718896478,5,,
47,0.6842786870368699,PRUNED,0.9771527448184649,0.04626164443255763,6,583,0.0006450140297646464,0.1796925878270223,1690,16,0.053910543207889704,0.11213897142956544,0.7032809495183424,7,,
48,0.6560792204432586,COMPLETE,0.9324353352137443,0.07466430356635,3,342,0.0002576295675312887,0.708937445979178,2347,9,6.341424865579277e-08,6.108106073359554,0.741925687659107,7,"[0.6770091375357307, 0.665473649990904, 0.6938864612921849, 0.6852699531807096, 0.6910213469819216, 0.6603674824435524, 0.6891721263138311, 0.6932344096387291, 0.6804329691081794, 0.6942592021656758, 0.6930318985907382, 0.5756657228258977, 0.5281045397386256, 0.6936338259741814, 0.6204722046013343, 0.6686748570727563, 0.5436369600804444]",0.6560792204432586
49,0.657189323670184,COMPLETE,0.9688852301904675,0.061794642440315475,3,523,0.241264082132052,0.7339417369105503,2154,21,1.4610029465953469e-08,1.3154624132381352,0.896187024219095,4,"[0.6824252942026133, 0.6670278803343984, 0.6938454453349706, 0.6867378583943753, 0.6896614779913861, 0.6590621488513326, 0.6889621792533188, 0.6932598695317983, 0.680123912186752, 0.6938655465996475, 0.6925160446976456, 0.5811937499849136, 0.5299846628286499, 0.6934869425554481, 0.6267119525063793, 0.6685906870874141, 0.5447628500520849]",0.657189323670184
50,0.6569795486192181,COMPLETE,0.9527740777626971,0.04359034318134625,4,232,0.0002673040484898744,0.793601570503082,2194,13,3.458461407303147e-08,0.6762799105684745,0.7766854985469789,7,"[0.6785117461743305, 0.6683054298233957, 0.6936185254111941, 0.686618527434402, 0.6915543761068486, 0.6623394998328993, 0.6887487932150377, 0.6931112483998728, 0.6789481457524557, 0.6934317318437523, 0.6931245230920111, 0.5802709504857456, 0.5258859680970112, 0.6933314968773212, 0.6294775767091849, 0.6689191434000228, 0.5424546438712229]",0.6569795486192181
51,0.6566280823692859,COMPLETE,0.9176026923089222,0.018659626860095088,3,420,0.7134887390984236,0.3161480892265405,2006,9,2.7892539113990096e-06,0.37178927937327955,0.7943162478120396,5,"[0.6814579780218949, 0.6690471802702839, 0.6933397325226943, 0.6871943192202002, 0.6893187743397635, 0.6585709746493043, 0.688491592490386, 0.6931034961214726, 0.6768591510770351, 0.6933803146637657, 0.6925957337454433, 0.5822633275728198, 0.5270151670905701, 0.6932358947258117, 0.6249280489774373, 0.668980135889331, 0.5428955788996468]",0.6566280823692859
52,0.6565858318395045,COMPLETE,0.8502974472165307,0.03935642775859333,6,336,0.005532396943960742,0.173242560751633,1713,20,9.085443405969166e-07,2.584719170313167,0.6969178279053987,7,"[0.6812872250752621, 0.6677200592257189, 0.6934247648827396, 0.6861263017955448, 0.6906147596467455, 0.65707784797317, 0.6898950417274038, 0.692896431544418, 0.6791687036706433, 0.6933818475077841, 0.6931564124177285, 0.5813802543804009, 0.5281206639266955, 0.6936470729246483, 0.6260967944596514, 0.667937420369919, 0.5400275397431026]",0.6565858318395045
53,0.682982535277956,PRUNED,0.8052823051383885,0.023220820667661863,7,249,0.0002937723574766145,0.10692520552169693,1422,21,4.029230812424136e-06,3.3889729937387907,0.7137174846271446,6,,
54,0.6563065530599573,COMPLETE,0.7536658017218951,0.06371128379689939,4,353,0.0034587173789331284,0.2887668928760705,2441,13,0.020423025897675442,0.005202224989749768,0.7489014414665645,7,"[0.6786781001214692, 0.6632968344242237, 0.6936201605038232, 0.6873066734850438, 0.690232121844735, 0.658609375917563, 0.6893608467828445, 0.6932531708907083, 0.6813694666690571, 0.6937201817215852, 0.6928540374601903, 0.5777249029316626, 0.5266931859551809, 0.6933905392550768, 0.6214391150576666, 0.6703467645072841, 0.5453159244911595]",0.6563065530599573
55,0.6843038775248155,PRUNED,0.7693017044173979,0.04237979333572978,3,513,0.03946761412059006,0.3285918301577017,2223,22,0.008172774578666529,0.02879830641863284,0.629030882709738,7,,
56,0.6824479799299953,PRUNED,0.8598156271375862,0.058032724077175905,4,121,0.027296597422883786,0.4209107867552083,1900,7,0.007922104939824617,0.012689677910350135,0.8142697362130581,7,,
57,0.6564814468289909,COMPLETE,0.4915438720439929,0.07016143317773817,7,359,0.0007120559578795476,0.002044485316707201,2382,15,0.25856310283284534,0.0027525608874057086,0.6772345485844745,7,"[0.6807842278896955, 0.6683871615087716, 0.6944118604119857, 0.6866869381958536, 0.68961595457613, 0.6530250760646605, 0.6906039953574935, 0.6933107448809638, 0.6776711499431526, 0.6937598934025134, 0.6924489245960126, 0.5820947182743978, 0.5245112407693092, 0.6938090267367902, 0.6258804964532881, 0.6686535073079479, 0.5445296797238781]",0.6564814468289909
58,0.683165880513251,PRUNED,0.49967275932230215,0.05295410525621323,6,185,0.00023094202430119762,0.006557275344618015,2253,11,0.05397680669112548,0.056512955908054836,0.7385207454196209,7,,
59,0.6855809676885293,PRUNED,0.4152611792093745,0.02535225080237836,8,578,0.0005053912783872874,0.1499372693323809,2417,20,0.433492897417245,0.004033779131837156,0.5761237711712546,6,,
60,0.6832838322370302,PRUNED,0.6074367784407249,0.06299814717689099,7,449,0.002414485016015042,0.15649621513904502,2157,22,3.0547500820736433,0.0008897661621165871,0.6468938882123515,7,,
61,0.6567567739688248,COMPLETE,0.9904199278888294,0.06340610375708754,4,222,0.05108752829202465,0.13395987174991145,2410,12,0.002671580945727979,1.017135833509271,0.7281668074086514,6,"[0.6810637739255755, 0.6701431763334299, 0.6934620383735718, 0.6872968882628909, 0.6913027194165372, 0.6532180820905836, 0.6894025482929356, 0.6932708600280674, 0.6823655713020553, 0.6931025554239554, 0.6931454625126747, 0.5797432716697225, 0.5251856342886729, 0.6935829477682828, 0.6253331883861433, 0.6691383240803619, 0.5441081153145609]",0.6567567739688248
62,0.6820796868123379,PRUNED,0.821727913878466,0.04367623735364085,4,446,0.0010862225892832,0.21807396163030573,2147,14,0.09804186782603407,0.0062752013795001425,0.7360301827751483,7,,
63,0.6832655194563354,PRUNED,0.9846532982716859,0.031190062543095948,6,332,0.07863908617926506,0.2956707894776801,1368,16,7.533336342430956e-05,23.386948764069952,0.8129930307053524,7,,
64,0.6828888747426781,PRUNED,0.734019678459413,0.015517674253295264,3,307,0.03453632070760453,0.6213363790807339,1725,8,7.138534086142658e-08,5.396934104243758,0.8391600627218689,3,,
65,0.6837478774463466,PRUNED,0.8704684834859197,0.06739376854929233,4,464,0.0004036676028431655,0.5334988100717818,2326,11,9.131244185847843e-05,0.1450359230534542,0.653512998642211,7,,
66,0.6827326229128728,PRUNED,0.9872116190281416,0.047181003100386615,3,432,0.00033868722328001964,0.37656925457503454,2388,9,2.1377122923761314e-08,2.4367346716414975,0.6799710340802302,7,,
67,0.6836788646436913,PRUNED,0.6486785961378152,0.0797449778709873,4,90,0.00021915651614539368,0.31351896800945117,1966,24,3.021725158889828,0.0006030363661291937,0.8779430237857815,7,,
68,0.6833403684659612,PRUNED,0.7353567676861941,0.03345236664486279,3,547,0.3323221600898551,0.16974590938709289,2050,26,3.454168568962067e-08,3.084386843817511,0.8686083606439408,4,,
69,0.6568701589085731,COMPLETE,0.41378946548155665,0.025384963069431096,3,467,0.08074845628136246,0.429359798382985,2070,16,2.7170292022392456e-05,0.04890652422577695,0.814778849627549,5,"[0.6809860844267672, 0.6674044620330387, 0.693441233940555, 0.6878827437012986, 0.6906939160577518, 0.6582794681719816, 0.6893213117546682, 0.6929890254333185, 0.6755777067532138, 0.693333978490428, 0.6926527938485334, 0.5814973041203964, 0.5270525096003031, 0.69326936854617, 0.6286125673922726, 0.6685017806568678, 0.54529644651818]",0.6568701589085731
70,0.6563502838420211,COMPLETE,0.724706967265957,0.06915946543578212,4,253,0.0032784842873367455,0.0021568984203854807,764,7,0.000322481422000699,7.174428701479409,0.6776332455897704,6,"[0.6850302395537083, 0.6666304822083824, 0.6938306398098435, 0.6870540806551276, 0.6898031443553886, 0.6581271717630145, 0.6901295876317238, 0.6930529874536902, 0.6801121079829682, 0.6938338885915919, 0.6923611390242156, 0.5735899272101771, 0.5254590015811277, 0.6935754627673804, 0.6233200521543862, 0.6687314483272914, 0.5433134642443423]",0.6563502838420211
71,0.6832792744850996,PRUNED,0.807280766937073,0.06975967392374836,3,506,0.00015688022659389233,0.7291431057357964,2335,14,2.354884007821078e-08,6.884955677239694,0.658758851269358,7,,
72,0.6824884752113608,PRUNED,0.6597685551196908,0.05750530238046653,3,222,0.001487830676122267,0.09759947971797604,745,15,0.00027346478145233823,1.583054461300606,0.7487092835931491,6,,
73,0.6851098118351139,PRUNED,0.7571170230109148,0.04917972050189039,4,548,0.0015298078888799972,0.11546262836929112,611,12,3.159631237064455e-05,30.31854773618732,0.6961458236958814,5,,
74,0.6829036911178389,PRUNED,0.8533651022069131,0.04168778865547996,4,308,0.013280504241086519,0.14497776496248277,666,19,2.0405696446658104e-05,0.11981383672426224,0.5210292968442651,6,,
75,0.6562480454920967,COMPLETE,0.42279970039381787,0.07811427091205135,7,286,0.01168565919032204,0.15175454825871043,770,13,1.261174538482783e-05,5.884786341094397,0.7417837383944802,6,"[0.6754934372729732, 0.6670576909642274, 0.6938544199571495, 0.6867569568536473, 0.6930751601708075, 0.6508651089647767, 0.6891839628522379, 0.6926245295833241, 0.6801574318314904, 0.6937677156690392, 0.6922187762773151, 0.5802944924249934, 0.5271578495035095, 0.6936568878130864, 0.6247077906734583, 0.6701154715792509, 0.545229090974357]",0.6562480454920967
76,0.680240641844056,PRUNED,0.4369377666392529,0.022495402032431052,7,214,0.0895920984125427,0.2504929792956529,949,19,1.171888152423234e-05,0.08072544599674127,0.6635195382639978,7,,
77,0.6823437158845521,PRUNED,0.4156706113404141,0.07554392919279147,6,366,0.049342872311684,0.23728601608654992,798,24,1.2542986233749436e-07,1.4069814500706317,0.8671841858010131,7,,
78,0.6564879310084644,COMPLETE,0.6181380414811445,0.0570185500254087,8,385,0.015543861473360392,0.2126201563265655,1058,7,2.4900140994193934e-06,12.715416031185997,0.7669453083839105,4,"[0.6833764618378017, 0.6679243990486224, 0.6937252269299433, 0.6876565442685756, 0.6913749895293378, 0.6559449469476715, 0.6889312616576564, 0.6926201527100776, 0.6770888081782473, 0.6938257654536999, 0.6930928760897844, 0.5778726837165414, 0.5254187543162308, 0.6934381871456509, 0.6245601346442035, 0.6692728529458396, 0.5441707817240097]",0.6564879310084644
79,0.6845788132844364,PRUNED,0.5852842656539363,0.05204496509667257,9,470,0.0010687385447091476,0.042956475662350474,939,24,5.595642930686686e-06,6.1650718387737955,0.7482184718019864,2,,
80,0.6837693960605012,PRUNED,0.517900555759216,0.06869620800295384,9,509,0.6200873168837948,0.3235133750212028,462,9,1.1796924072315684e-06,9.611959141911285,0.6868704307764698,4,,
81,0.6559256190888354,COMPLETE,0.6078542721418663,0.06415343818070166,7,329,0.004166935214151023,0.11624586849576146,890,12,1.2790015687057066e-05,24.700826674621027,0.5784618216912816,7,"[0.6789506484826475, 0.6693731398290356, 0.6937860784195216, 0.6878510063063928, 0.6887301668648195, 0.6555676118327142, 0.6904790854571264, 0.6925080349365734, 0.6774105229557932, 0.6937445278351685, 0.6928044630168314, 0.579410389514395, 0.5198132200068052, 0.6932929572327566, 0.6258396800681115, 0.6678359444193342, 0.5433380473321766]",0.6559256190888354
82,0.6844326915805681,PRUNED,0.6704151485278846,0.048177728306849556,9,548,0.006476664332390457,0.23846681377833145,932,8,8.293581120674414e-05,7.298967525026307,0.7596345958212359,7,,
83,0.6825802978996444,PRUNED,0.6637441656863299,0.028389617771452998,7,196,0.006831758495745334,0.43077113548358037,879,8,0.0005328173339294566,1.8125629477337226,0.7362609787572733,4,,
84,0.6873140349333996,PRUNED,0.7211121194667524,0.062254154413969955,8,535,0.003244653394673124,0.46044306495410703,547,11,3.831635718701805e-07,4.3077907974360725,0.5056885710408233,7,,
85,0.6758454782433594,PRUNED,0.6184578576943109,0.0410974517629967,9,488,0.010856233640796225,0.15921501271598804,1588,11,4.3151512682586515e-08,0.5614304132221908,0.8309978673122056,4,,
86,0.6855565215465932,PRUNED,0.4469517295743546,0.05035611251904465,6,433,0.0071269816274084265,0.25933386711803275,992,14,2.2681506649534106e-05,48.09679617857254,0.5350126449986403,6,,
87,0.6840482920235885,PRUNED,0.36532594148923103,0.05248022882995124,7,535,0.005048895002582225,0.20100822826959486,1048,20,0.007904595407862956,11.753010608780771,0.8124814629149484,6,,
88,0.6825546809238352,PRUNED,0.553444837872217,0.06348627131346016,8,214,0.00017748897886801755,0.10742818729495768,442,16,1.3379066284499526e-05,0.22611940821450097,0.7454994439536324,6,,
89,0.6835329192577623,PRUNED,0.655347169297176,0.04898291034645112,6,186,0.002802367570090772,0.012351111756924247,1005,13,5.612313659999917e-06,48.755975378224065,0.6911708957054199,6,,
90,0.6802780299910564,PRUNED,0.4010602964759918,0.05888168991841787,9,240,0.019951242189559987,0.4171818922273061,853,19,0.0003061341379062253,1.291991855428132,0.7155891071266175,5,,
91,0.682175132067134,PRUNED,0.6083490979157162,0.05954952878848344,7,416,0.010512924117464672,0.49796358523638024,802,19,1.7986191371146405e-06,8.439147614412967,0.807433240321818,4,,
92,0.6839805382102,PRUNED,0.8140361850315707,0.0523265295466796,5,295,0.0008133149328130516,0.02116920656711031,557,11,0.0038332513203223977,35.257465360312075,0.6056168880365111,7,,
93,0.6821808697109489,PRUNED,0.610495875318647,0.06201298933152138,4,371,0.010008949771705508,0.5079174730718388,1627,27,1.3405728508168927e-08,0.016409406040732266,0.8186115913709623,3,,
94,0.6567727908476138,COMPLETE,0.7278388032624064,0.02094745297010719,3,406,0.012010659162410972,0.587389774461123,2117,27,1.5943588543803147e-08,0.10381499062559106,0.8662990410428665,5,"[0.6823085083882792, 0.6676816151408089, 0.6933838807326045, 0.6873154080532325, 0.6897842445981637, 0.6585943578444833, 0.6883708337498133, 0.6931831838877224, 0.6782017747459533, 0.6933771971494997, 0.6927065914023957, 0.5808815637410347, 0.527008465354977, 0.6932830445387258, 0.6279267742196732, 0.6676130785941303, 0.5435169222679347]",0.6567727908476138
95,0.6805212220239296,PRUNED,0.3613492979764301,0.04384494552649849,7,286,0.0024191531297173136,0.2144721313411448,2295,16,0.0739874055458746,0.00047385160416974674,0.8842557443738173,7,,
96,0.6820424073140456,PRUNED,0.7775658696288968,0.060271153817831755,6,120,0.010419776181200598,0.20881348325732701,1891,18,0.00010535542267583121,0.00017788728038040132,0.6992619185122526,6,,
97,0.6823638335463699,PRUNED,0.6314254867849735,0.057858343361325934,9,236,0.0028453653248629316,0.2228208514087664,726,16,6.096355265810891e-06,40.55578990696455,0.6039678762998979,6,,
98,0.6568673936035744,COMPLETE,0.941881924742279,0.07228609866677874,6,232,0.06592251722752278,0.20046877968991383,1495,10,1.3398883802338072e-07,3.4533092320280065,0.6707770221755591,7,"[0.6818998335062721, 0.668799285233527, 0.6935532619403917, 0.6863036642089306, 0.6900495064281111, 0.6598014833426802, 0.6901997612571152, 0.692943893860311, 0.6779840485396262, 0.6939426856026388, 0.6928871207820833, 0.5766541416250704, 0.5310203610075847, 0.6937162723529087, 0.62607312734239, 0.6684635951716973, 0.5424536490594271]",0.6568673936035744
99,0.6818974340506788,PRUNED,0.4031762222936406,0.07223692747594924,8,432,0.0028322208003325757,0.15231002301722452,772,12,4.111724045639736e-07,20.45913135341198,0.8166074049977642,4,,
