timestamp,model_input_timestamp,close,direction,prob_up,prob_down,up_percent,down_percent,confidence_percent,actual_close_15m,actual_return_15m,actual_direction_15m,prediction_correct,evaluated_at
2026-05-13T18:30:00+00:00,2026-05-13T18:30:00+00:00,79741.0,UP,0.5024615944849483,0.4975384055150517,50.24615944849483,49.75384055150517,50.24615944849483,79620.0,-0.0015185650598649055,DOWN,False,2026-05-13T18:45:11.270843+00:00
2026-05-13T18:45:00+00:00,2026-05-13T18:45:00+00:00,79620.0,UP,0.515675030669601,0.484324969330399,51.5675030669601,48.4324969330399,51.5675030669601,79580.0,-0.0005025125733885754,DOWN,False,2026-05-13T19:00:13.139006+00:00
2026-05-13T19:00:00+00:00,2026-05-13T19:00:00+00:00,79580.0,UP,0.5168949910833606,0.4831050089166394,51.68949910833606,48.31050089166394,51.68949910833606,79500.0,-0.0010057833384964157,DOWN,False,2026-05-13T19:15:15.301717+00:00
2026-05-13T19:15:00+00:00,2026-05-13T19:15:00+00:00,79500.0,UP,0.511382265145398,0.488617734854602,51.1382265145398,48.861773485460205,51.1382265145398,79477.0,-0.0002893500337843763,DOWN,False,2026-05-13T19:30:11.272048+00:00
2026-05-13T19:30:00+00:00,2026-05-13T19:30:00+00:00,79477.0,UP,0.5188293937133204,0.4811706062866796,51.88293937133204,48.11706062866797,51.88293937133204,79488.0,0.00013839524445707544,UP,True,2026-05-13T19:45:11.344710+00:00
2026-05-13T19:45:00+00:00,2026-05-13T19:45:00+00:00,79488.0,UP,0.5166797838778188,0.4833202161221812,51.66797838778188,48.33202161221812,51.66797838778188,79618.0,0.0016341310689624627,UP,True,2026-05-13T20:00:15.879502+00:00
2026-05-13T20:00:00+00:00,2026-05-13T20:00:00+00:00,79618.0,DOWN,0.4739182094221424,0.5260817905778576,47.39182094221424,52.60817905778576,52.60817905778576,79621.0,3.767921175531785e-05,UP,False,2026-05-13T20:15:11.272731+00:00
2026-05-13T20:15:00+00:00,2026-05-13T20:15:00+00:00,79621.0,DOWN,0.4791905254842748,0.5208094745157252,47.91905254842748,52.08094745157253,52.08094745157253,79601.0,-0.00025122156618043856,DOWN,True,2026-05-13T20:30:11.267025+00:00
2026-05-13T20:30:00+00:00,2026-05-13T20:30:00+00:00,79601.0,DOWN,0.480470539961043,0.519529460038957,48.0470539961043,51.9529460038957,51.9529460038957,79700.0,0.001242930210673183,UP,False,2026-05-13T20:45:11.262567+00:00
2026-05-13T20:45:00+00:00,2026-05-13T20:45:00+00:00,79700.0,DOWN,0.4684810300969224,0.5315189699030776,46.848103009692245,53.15189699030776,53.15189699030776,79684.0,-0.00020077297663191295,DOWN,True,2026-05-13T21:00:12.487357+00:00
2026-05-13T21:00:00+00:00,2026-05-13T21:00:00+00:00,79684.0,DOWN,0.4810044232025336,0.5189955767974663,48.10044232025336,51.89955767974664,51.89955767974664,79416.0,-0.003368953532116788,DOWN,True,2026-05-13T21:15:11.817573+00:00
2026-05-13T21:15:00+00:00,2026-05-13T21:15:00+00:00,79416.0,UP,0.518002804439496,0.481997195560504,51.8002804439496,48.1997195560504,51.8002804439496,79400.0,-0.00020149103433070263,DOWN,False,2026-05-13T21:30:11.244625+00:00
2026-05-13T21:30:00+00:00,2026-05-13T21:30:00+00:00,79400.0,UP,0.5183358246675779,0.4816641753324221,51.83358246675779,48.16641753324221,51.83358246675779,79456.0,0.0007050410726661141,UP,True,2026-05-13T21:45:13.782436+00:00
2026-05-13T21:30:00+00:00,2026-05-13T21:30:00+00:00,79400.0,UP,0.5183358246675779,0.4816641753324221,51.83358246675779,48.16641753324221,51.83358246675779,79456.0,0.0007050410726661141,UP,True,2026-05-13T21:45:13.782763+00:00
2026-05-13T21:45:00+00:00,2026-05-13T21:45:00+00:00,79456.0,UP,0.51173780955181,0.4882621904481899,51.173780955181,48.826219044819,51.173780955181,79371.0,-0.0010703470834930147,DOWN,False,2026-05-13T22:00:16.410909+00:00
2026-05-13T22:00:00+00:00,2026-05-13T22:00:00+00:00,79371.0,UP,0.5212598943908421,0.4787401056091579,52.12598943908421,47.87401056091579,52.12598943908421,79385.0,0.00017637128721173387,UP,True,2026-05-13T22:15:11.271157+00:00
2026-05-13T22:15:00+00:00,2026-05-13T22:15:00+00:00,79385.0,UP,0.5029443259318229,0.4970556740681771,50.29443259318229,49.70556740681771,50.29443259318229,79299.0,-0.0010839153086627071,DOWN,False,2026-05-13T22:30:11.255506+00:00
2026-05-13T22:30:00+00:00,2026-05-13T22:30:00+00:00,79299.0,UP,0.5103378180908774,0.4896621819091226,51.03378180908774,48.96621819091226,51.03378180908774,79385.0,0.0010839153086628266,UP,True,2026-05-13T22:45:15.139867+00:00
2026-05-13T22:45:00+00:00,2026-05-13T22:45:00+00:00,79385.0,DOWN,0.4913496407010563,0.5086503592989436,49.13496407010564,50.86503592989436,50.86503592989436,79420.0,0.00044079217363054594,UP,False,2026-05-13T23:00:11.242178+00:00
2026-05-13T23:00:00+00:00,2026-05-13T23:00:00+00:00,79420.0,DOWN,0.4955679834100839,0.5044320165899161,49.55679834100839,50.44320165899161,50.44320165899161,79354.0,-0.000831370423387625,DOWN,True,2026-05-13T23:15:12.325099+00:00
2026-05-13T23:15:00+00:00,2026-05-13T23:15:00+00:00,79354.0,UP,0.5026327788149054,0.4973672211850946,50.26327788149055,49.736722118509455,50.26327788149055,79335.0,-0.00023946209366481106,DOWN,False,2026-05-13T23:30:11.865766+00:00
2026-05-13T23:30:00+00:00,2026-05-13T23:30:00+00:00,79335.0,UP,0.5081224180315175,0.4918775819684825,50.81224180315175,49.18775819684825,50.81224180315175,79291.0,-0.0005547640503885302,DOWN,False,2026-05-13T23:45:11.628744+00:00
2026-05-13T23:45:00+00:00,2026-05-13T23:45:00+00:00,79291.0,UP,0.5113001007927044,0.4886998992072956,51.13001007927044,48.86998992072956,51.13001007927044,79297.0,7.5667768089256e-05,UP,True,2026-05-14T00:00:16.202281+00:00
2026-05-14T00:00:00+00:00,2026-05-14T00:00:00+00:00,79297.0,UP,0.5127884316807723,0.4872115683192277,51.27884316807722,48.72115683192278,51.27884316807722,79510.0,0.002682503009638489,UP,True,2026-05-14T00:15:11.258297+00:00
2026-05-14T00:15:00+00:00,2026-05-14T00:15:00+00:00,79510.0,DOWN,0.478163496144528,0.521836503855472,47.8163496144528,52.1836503855472,52.1836503855472,79439.0,-0.0008933683725237061,DOWN,True,2026-05-14T00:30:11.359152+00:00
2026-05-14T00:30:00+00:00,2026-05-14T00:30:00+00:00,79439.0,DOWN,0.4970572179563515,0.5029427820436485,49.70572179563515,50.29427820436485,50.29427820436485,79622.0,0.0023010050325726187,UP,False,2026-05-14T00:45:12.494586+00:00
2026-05-14T00:45:00+00:00,2026-05-14T00:45:00+00:00,79622.0,DOWN,0.4930009922117449,0.5069990077882551,49.30009922117449,50.69990077882552,50.69990077882552,79555.0,-0.0008418302136210885,DOWN,True,2026-05-14T01:00:12.450318+00:00
2026-05-14T01:00:00+00:00,2026-05-14T01:00:00+00:00,79555.0,DOWN,0.4997541701264687,0.5002458298735313,49.97541701264687,50.02458298735313,50.02458298735313,79595.0,0.0005026704472793214,UP,False,2026-05-14T01:15:14.177138+00:00
2026-05-14T01:15:00+00:00,2026-05-14T01:15:00+00:00,79595.0,DOWN,0.4861667471914033,0.5138332528085967,48.61667471914033,51.38332528085967,51.38332528085967,79526.0,-0.0008672645888958561,DOWN,True,2026-05-14T01:30:11.440458+00:00
2026-05-14T01:30:00+00:00,2026-05-14T01:30:00+00:00,79526.0,DOWN,0.4961307122588825,0.5038692877411175,49.613071225888255,50.38692877411175,50.38692877411175,79470.0,-0.0007044202661152931,DOWN,True,2026-05-14T01:45:13.116145+00:00
2026-05-14T01:45:00+00:00,2026-05-14T01:45:00+00:00,79470.0,DOWN,0.4909072486089986,0.5090927513910014,49.09072486089986,50.90927513910014,50.90927513910014,79592.0,0.001533993334970588,UP,False,2026-05-14T02:00:11.257678+00:00
2026-05-14T02:00:00+00:00,2026-05-14T02:00:00+00:00,79592.0,DOWN,0.4840845835385206,0.5159154164614794,48.40845835385206,51.591541646147945,51.591541646147945,79567.0,-0.0003141512601311857,DOWN,True,2026-05-14T02:15:11.271666+00:00
2026-05-14T02:15:00+00:00,2026-05-14T02:15:00+00:00,79567.0,DOWN,0.480409382586686,0.519590617413314,48.0409382586686,51.9590617413314,51.9590617413314,79639.0,0.00090448858596536,UP,False,2026-05-14T02:30:11.271432+00:00
2026-05-14T02:30:00+00:00,2026-05-14T02:30:00+00:00,79639.0,DOWN,0.4630705433620667,0.5369294566379332,46.30705433620668,53.69294566379333,53.69294566379333,79573.0,-0.0008290832824232242,DOWN,True,2026-05-14T02:45:11.901315+00:00
2026-05-14T02:45:00+00:00,2026-05-14T02:45:00+00:00,79573.0,DOWN,0.4823786751494094,0.5176213248505905,48.23786751494095,51.762132485059055,51.762132485059055,79348.0,-0.002831597464607337,DOWN,True,2026-05-14T03:00:11.362124+00:00
2026-05-14T03:00:00+00:00,2026-05-14T03:00:00+00:00,79348.0,UP,0.5013161877287042,0.4986838122712957,50.131618772870425,49.868381227129575,50.131618772870425,79254.0,-0.0011853571960806426,DOWN,False,2026-05-14T03:15:11.268103+00:00
2026-05-14T03:15:00+00:00,2026-05-14T03:15:00+00:00,79254.0,UP,0.5202906985884749,0.4797093014115251,52.029069858847485,47.97093014115252,52.029069858847485,79299.0,0.00056763355103054,UP,True,2026-05-14T03:30:11.855875+00:00
2026-05-14T03:30:00+00:00,2026-05-14T03:30:00+00:00,79299.0,DOWN,0.4992872458344914,0.5007127541655085,49.928724583449146,50.07127541655085,50.07127541655085,79190.0,-0.0013754899984909914,DOWN,True,2026-05-14T03:45:12.659893+00:00
2026-05-14T03:45:00+00:00,2026-05-14T03:45:00+00:00,79190.0,UP,0.5269174179294779,0.4730825820705221,52.69174179294779,47.30825820705221,52.69174179294779,79019.0,-0.002161698343196479,DOWN,False,2026-05-14T04:00:12.307725+00:00
2026-05-14T04:00:00+00:00,2026-05-14T04:00:00+00:00,79019.0,UP,0.5526378249596213,0.4473621750403787,55.26378249596213,44.73621750403787,55.26378249596213,79239.0,0.002780271982649008,UP,True,2026-05-14T04:15:13.895384+00:00
2026-05-14T04:15:00+00:00,2026-05-14T04:15:00+00:00,79239.0,UP,0.5270638752249707,0.4729361247750293,52.70638752249707,47.29361247750293,52.70638752249707,79294.0,0.0006938618736367073,UP,True,2026-05-14T04:30:11.249025+00:00
2026-05-14T04:30:00+00:00,2026-05-14T04:30:00+00:00,79294.0,UP,0.509995534490624,0.490004465509376,50.9995534490624,49.0004465509376,50.9995534490624,79353.0,0.0007437897056989295,UP,True,2026-05-14T04:45:11.272530+00:00
2026-05-14T04:45:00+00:00,2026-05-14T04:45:00+00:00,79353.0,UP,0.5009750072867656,0.4990249927132344,50.09750072867656,49.90249927132344,50.09750072867656,79424.0,0.0008943361410327185,UP,True,2026-05-14T05:00:12.593302+00:00
2026-05-14T05:00:00+00:00,2026-05-14T05:00:00+00:00,79424.0,UP,0.5224714549837529,0.4775285450162471,52.24714549837529,47.75285450162471,52.24714549837529,79379.0,-0.0005667399382187984,DOWN,False,2026-05-14T05:15:11.266440+00:00
2026-05-14T05:15:00+00:00,2026-05-14T05:15:00+00:00,79379.0,UP,0.5043048833641915,0.4956951166358084,50.43048833641915,49.56951166358085,50.43048833641915,79576.0,0.0024786902061895255,UP,True,2026-05-14T05:30:11.267086+00:00
2026-05-14T05:30:00+00:00,2026-05-14T05:30:00+00:00,79576.0,DOWN,0.4879795053183933,0.5120204946816067,48.79795053183933,51.20204946816067,51.20204946816067,79678.0,0.0012809727096031796,UP,False,2026-05-14T05:45:11.330973+00:00
2026-05-14T05:45:00+00:00,2026-05-14T05:45:00+00:00,79678.0,DOWN,0.4894292455119441,0.5105707544880559,48.94292455119441,51.05707544880559,51.05707544880559,79793.0,0.001442268750238771,UP,False,2026-05-14T06:00:15.661850+00:00
2026-05-14T06:00:00+00:00,2026-05-14T06:00:00+00:00,79793.0,DOWN,0.4840055577768605,0.5159944422231395,48.40055577768605,51.59944422231395,51.59944422231395,79898.0,0.0013150398598747335,UP,False,2026-05-14T06:15:11.261157+00:00
2026-05-14T06:15:00+00:00,2026-05-14T06:15:00+00:00,79898.0,DOWN,0.4799524394593809,0.5200475605406192,47.995243945938086,52.00475605406192,52.00475605406192,79805.0,-0.0011646620353079568,DOWN,True,2026-05-14T06:30:11.427192+00:00
2026-05-14T06:30:00+00:00,2026-05-14T06:30:00+00:00,79805.0,DOWN,0.4957238778990309,0.5042761221009691,49.57238778990309,50.4276122100969,50.4276122100969,79857.0,0.0006513760548983861,UP,False,2026-05-14T06:45:11.256292+00:00
2026-05-14T06:45:00+00:00,2026-05-14T06:45:00+00:00,79857.0,DOWN,0.4854670975825083,0.5145329024174916,48.546709758250834,51.45329024174916,51.45329024174916,79784.0,-0.00091455208985325,DOWN,True,2026-05-14T07:00:11.271430+00:00
2026-05-14T07:00:00+00:00,2026-05-14T07:00:00+00:00,79784.0,UP,0.5033934038500038,0.4966065961499962,50.339340385000376,49.66065961499962,50.339340385000376,79726.0,-0.0007272271651452283,DOWN,False,2026-05-14T07:15:11.273548+00:00
2026-05-14T07:15:00+00:00,2026-05-14T07:15:00+00:00,79726.0,DOWN,0.4964282261153905,0.5035717738846095,49.64282261153905,50.35717738846095,50.35717738846095,79768.0,0.0005266655920701249,UP,False,2026-05-14T07:30:11.272437+00:00
2026-05-14T07:30:00+00:00,2026-05-14T07:30:00+00:00,79768.0,DOWN,0.4914910686146124,0.5085089313853876,49.14910686146124,50.85089313853876,50.85089313853876,79879.0,0.001390568164594821,UP,False,2026-05-14T07:45:11.765183+00:00
2026-05-14T07:45:00+00:00,2026-05-14T07:45:00+00:00,79879.0,DOWN,0.4609593107876928,0.5390406892123072,46.09593107876928,53.90406892123072,53.90406892123072,79711.0,-0.0021053958525932793,DOWN,True,2026-05-14T08:00:14.045568+00:00
2026-05-14T08:00:00+00:00,2026-05-14T08:00:00+00:00,79711.0,DOWN,0.4953697002755274,0.5046302997244725,49.53697002755275,50.463029972447245,50.463029972447245,79813.0,0.0012788046174919705,UP,False,2026-05-14T08:15:11.361446+00:00
2026-05-14T08:15:00+00:00,2026-05-14T08:15:00+00:00,79813.0,DOWN,0.4791008983849886,0.5208991016150114,47.91008983849886,52.08991016150114,52.08991016150114,79765.0,-0.0006015867030245778,DOWN,True,2026-05-14T08:30:11.268329+00:00
2026-05-14T08:30:00+00:00,2026-05-14T08:30:00+00:00,79765.0,DOWN,0.4974860815185138,0.5025139184814862,49.748608151851386,50.25139184814862,50.25139184814862,79878.0,0.0014156589248741417,UP,False,2026-05-14T08:45:11.268547+00:00
2026-05-14T08:45:00+00:00,2026-05-14T08:45:00+00:00,79878.0,DOWN,0.4780984611389307,0.5219015388610693,47.80984611389307,52.19015388610693,52.19015388610693,79797.0,-0.0010145609137060254,DOWN,True,2026-05-14T09:00:13.701002+00:00
2026-05-14T09:00:00+00:00,2026-05-14T09:00:00+00:00,79797.0,DOWN,0.4992271237408121,0.5007728762591879,49.922712374081215,50.07728762591879,50.07728762591879,79812.0,0.0001879593261552891,UP,False,2026-05-14T09:15:11.271241+00:00
2026-05-14T09:15:00+00:00,2026-05-14T09:15:00+00:00,79812.0,DOWN,0.4924698504235213,0.5075301495764787,49.24698504235213,50.75301495764787,50.75301495764787,79700.0,-0.0014042832941150553,DOWN,True,2026-05-14T09:30:11.256531+00:00
2026-05-14T09:30:00+00:00,2026-05-14T09:30:00+00:00,79700.0,UP,0.5012563657964467,0.4987436342035533,50.12563657964467,49.87436342035533,50.12563657964467,79636.0,-0.0008033338786192708,DOWN,False,2026-05-14T09:45:11.243370+00:00
2026-05-14T09:45:00+00:00,2026-05-14T09:45:00+00:00,79636.0,UP,0.5113261803592669,0.4886738196407331,51.13261803592669,48.86738196407331,51.13261803592669,79604.0,-0.0004019090734833552,DOWN,False,2026-05-14T10:00:11.273337+00:00
2026-05-14T10:00:00+00:00,2026-05-14T10:00:00+00:00,79604.0,UP,0.5107658066363525,0.4892341933636475,51.076580663635255,48.923419336364745,51.076580663635255,79601.0,-3.7687258570436235e-05,DOWN,False,2026-05-14T10:15:11.251692+00:00
2026-05-14T10:15:00+00:00,2026-05-14T10:15:00+00:00,79601.0,UP,0.5293019967611374,0.4706980032388626,52.93019967611375,47.069800323886255,52.93019967611375,79671.0,0.0008789995040819054,UP,True,2026-05-14T10:30:11.254317+00:00
2026-05-14T10:30:00+00:00,2026-05-14T10:30:00+00:00,79671.0,UP,0.5134773641886742,0.4865226358113258,51.34773641886742,48.65226358113258,51.34773641886742,79434.0,-0.00297916690600329,DOWN,False,2026-05-14T10:45:11.270297+00:00
2026-05-14T10:45:00+00:00,2026-05-14T10:45:00+00:00,79434.0,UP,0.5113230783690466,0.4886769216309534,51.13230783690466,48.86769216309534,51.13230783690466,79534.0,0.0012581150066736403,UP,True,2026-05-14T11:00:28.494798+00:00
2026-05-14T11:00:00+00:00,2026-05-14T11:00:00+00:00,79534.0,UP,0.5003475966312266,0.4996524033687733,50.03475966312266,49.965240336877336,50.03475966312266,79477.0,-0.0007169315637466475,DOWN,False,2026-05-14T11:15:11.272121+00:00
2026-05-14T11:15:00+00:00,2026-05-14T11:15:00+00:00,79477.0,UP,0.5100385818372333,0.4899614181627667,51.00385818372333,48.99614181627668,51.00385818372333,79335.0,-0.0017882784404489203,DOWN,False,2026-05-14T11:30:11.260207+00:00
2026-05-14T11:30:00+00:00,2026-05-14T11:30:00+00:00,79335.0,UP,0.514479120951094,0.4855208790489059,51.4479120951094,48.5520879048906,51.4479120951094,79261.0,-0.000933188798837186,DOWN,False,2026-05-14T11:45:11.275941+00:00
2026-05-14T11:45:00+00:00,2026-05-14T11:45:00+00:00,79261.0,UP,0.5148199744124023,0.4851800255875976,51.48199744124023,48.51800255875977,51.48199744124023,79224.0,-0.00046692116821420615,DOWN,False,2026-05-14T12:00:33.696559+00:00
2026-05-14T12:00:00+00:00,2026-05-14T12:00:00+00:00,79224.0,UP,0.5195458076738649,0.480454192326135,51.954580767386496,48.045419232613504,51.954580767386496,79324.0,0.00126144780458182,UP,True,2026-05-14T12:15:11.271868+00:00
2026-05-14T12:15:00+00:00,2026-05-14T12:15:00+00:00,79324.0,UP,0.506469030214034,0.493530969785966,50.6469030214034,49.3530969785966,50.6469030214034,79405.0,0.0010206075390265376,UP,True,2026-05-14T12:30:12.273010+00:00
2026-05-14T12:30:00+00:00,2026-05-14T12:30:00+00:00,79405.0,DOWN,0.4861530722981914,0.5138469277018085,48.615307229819145,51.38469277018085,51.38469277018085,79656.0,0.0031560245231731744,UP,False,2026-05-14T12:45:11.249245+00:00
2026-05-14T12:45:00+00:00,2026-05-14T12:45:00+00:00,79656.0,DOWN,0.4681998648175189,0.531800135182481,46.8199864817519,53.1800135182481,53.1800135182481,79746.0,0.00112922058146758,UP,False,2026-05-14T13:00:13.477102+00:00
2026-05-14T13:00:00+00:00,2026-05-14T13:00:00+00:00,79746.0,DOWN,0.4924580123909206,0.5075419876090794,49.24580123909206,50.75419876090794,50.75419876090794,79860.0,0.0014285179678245857,UP,False,2026-05-14T13:15:11.269006+00:00
2026-05-14T13:15:00+00:00,2026-05-14T13:15:00+00:00,79860.0,DOWN,0.4716298687176058,0.5283701312823941,47.16298687176059,52.837013128239406,52.837013128239406,79924.0,0.0008010815028109355,UP,False,2026-05-14T13:30:11.544265+00:00
2026-05-14T13:30:00+00:00,2026-05-14T13:30:00+00:00,79924.0,UP,0.5040075867557203,0.4959924132442797,50.40075867557204,49.599241324427965,50.40075867557204,79831.0,-0.00116428293957061,DOWN,False,2026-05-14T13:45:14.148483+00:00
2026-05-14T13:45:00+00:00,2026-05-14T13:45:00+00:00,79831.0,UP,0.5008671722215461,0.4991328277784539,50.08671722215461,49.91328277784539,50.08671722215461,79689.0,-0.0017803414933189573,DOWN,False,2026-05-14T14:00:15.377715+00:00
2026-05-14T14:00:00+00:00,2026-05-14T14:00:00+00:00,79689.0,UP,0.5235762082544548,0.4764237917455451,52.35762082544548,47.64237917455452,52.35762082544548,79946.0,0.003219848053817394,UP,True,2026-05-14T14:15:11.480551+00:00
2026-05-14T14:15:00+00:00,2026-05-14T14:15:00+00:00,79946.0,UP,0.5281824394533841,0.4718175605466159,52.81824394533841,47.18175605466159,52.81824394533841,80131.0,0.0023113886737483086,UP,True,2026-05-14T14:30:11.259948+00:00
2026-05-14T14:30:00+00:00,2026-05-14T14:30:00+00:00,80131.0,UP,0.501099772126488,0.4989002278735119,50.1099772126488,49.8900227873512,50.1099772126488,80319.0,0.0023434102341490875,UP,True,2026-05-14T14:45:11.268209+00:00
2026-05-14T14:45:00+00:00,2026-05-14T14:45:00+00:00,80319.0,DOWN,0.4799155175880944,0.5200844824119055,47.99155175880944,52.00844824119055,52.00844824119055,80948.0,0.007800767542701463,UP,False,2026-05-14T15:00:16.792048+00:00
2026-05-14T15:00:00+00:00,2026-05-14T15:00:00+00:00,80948.0,DOWN,0.4848365885929207,0.5151634114070793,48.48365885929207,51.51634114070794,51.51634114070794,80938.0,-0.00012354372845973336,DOWN,True,2026-05-14T15:15:12.331812+00:00
2026-05-14T15:15:00+00:00,2026-05-14T15:15:00+00:00,80938.0,UP,0.5037506853201452,0.4962493146798548,50.37506853201453,49.62493146798548,50.37506853201453,80979.0,0.0005064323187346309,UP,True,2026-05-14T15:30:11.265043+00:00
2026-05-14T15:30:00+00:00,2026-05-14T15:30:00+00:00,80979.0,DOWN,0.4955477608362894,0.5044522391637105,49.554776083628944,50.44522391637105,50.44522391637105,81000.0,0.0002592928727507868,UP,False,2026-05-14T15:45:11.247092+00:00
2026-05-14T15:45:00+00:00,2026-05-14T15:45:00+00:00,81000.0,DOWN,0.4986450786201055,0.5013549213798945,49.86450786201056,50.135492137989445,50.135492137989445,81278.0,0.0034262225557805085,UP,False,2026-05-14T16:00:11.352432+00:00
2026-05-14T16:00:00+00:00,2026-05-14T16:00:00+00:00,81278.0,DOWN,0.4920541881564451,0.5079458118435549,49.205418815644514,50.79458118435549,50.79458118435549,81525.0,0.00303434444716353,UP,False,2026-05-14T16:15:13.404391+00:00
2026-05-14T16:15:00+00:00,2026-05-14T16:15:00+00:00,81525.0,DOWN,0.4843718873662486,0.5156281126337514,48.43718873662486,51.56281126337514,51.56281126337514,81539.0,0.00017171172097324382,UP,False,2026-05-14T16:30:11.263388+00:00
2026-05-14T16:30:00+00:00,2026-05-14T16:30:00+00:00,81539.0,DOWN,0.4807621538612713,0.5192378461387286,48.07621538612714,51.92378461387286,51.92378461387286,81491.0,-0.0005888486951723418,DOWN,True,2026-05-14T16:45:11.398091+00:00
2026-05-14T16:45:00+00:00,2026-05-14T16:45:00+00:00,81491.0,DOWN,0.4948683228525797,0.5051316771474204,49.48683228525797,50.51316771474204,50.51316771474204,81856.0,0.004469021255193713,UP,False,2026-05-14T17:00:11.254984+00:00
2026-05-14T17:00:00+00:00,2026-05-14T17:00:00+00:00,81856.0,UP,0.5025402198454013,0.4974597801545987,50.25402198454013,49.74597801545987,50.25402198454013,81696.0,-0.0019565648973042167,DOWN,False,2026-05-14T17:15:12.953710+00:00
2026-05-14T17:15:00+00:00,2026-05-14T17:15:00+00:00,81696.0,UP,0.5285286170636203,0.4714713829363797,52.85286170636204,47.147138293637965,52.85286170636204,81446.0,-0.0030648171003130106,DOWN,False,2026-05-14T17:30:11.722509+00:00
2026-05-14T17:30:00+00:00,2026-05-14T17:30:00+00:00,81446.0,UP,0.5471267736534561,0.4528732263465439,54.712677365345606,45.2873226346544,54.712677365345606,81619.0,0.002121854044799801,UP,True,2026-05-14T17:45:12.052155+00:00
2026-05-14T17:45:00+00:00,2026-05-14T17:45:00+00:00,81619.0,UP,0.516232468077134,0.483767531922866,51.6232468077134,48.3767531922866,51.6232468077134,81655.0,0.0004409765251463957,UP,True,2026-05-14T18:00:13.312895+00:00
2026-05-14T18:00:00+00:00,2026-05-14T18:00:00+00:00,81655.0,UP,0.5159182771625281,0.4840817228374718,51.591827716252816,48.408172283747184,51.591827716252816,81831.0,0.0021530903929596803,UP,True,2026-05-14T18:15:11.514670+00:00
2026-05-14T18:15:00+00:00,2026-05-14T18:15:00+00:00,81831.0,DOWN,0.4988758360557951,0.5011241639442049,49.88758360557951,50.11241639442049,50.11241639442049,81853.0,0.0002688106367449673,UP,False,2026-05-14T18:30:11.896329+00:00
2026-05-14T18:30:00+00:00,2026-05-14T18:30:00+00:00,81853.0,DOWN,0.4999197696160988,0.5000802303839011,49.991976961609886,50.008023038390114,50.008023038390114,81512.0,-0.004174706886426926,DOWN,True,2026-05-14T18:45:11.320974+00:00
2026-05-14T18:45:00+00:00,2026-05-14T18:45:00+00:00,81512.0,UP,0.5345279517326593,0.4654720482673407,53.45279517326593,46.54720482673407,53.45279517326593,81562.0,0.000613218558038998,UP,True,2026-05-14T19:00:11.494570+00:00
2026-05-14T19:00:00+00:00,2026-05-14T19:00:00+00:00,81562.0,UP,0.5183179090177006,0.4816820909822994,51.831790901770056,48.16820909822994,51.831790901770056,81532.0,-0.00036788600853923865,DOWN,False,2026-05-14T19:15:13.856660+00:00
2026-05-14T19:15:00+00:00,2026-05-14T19:15:00+00:00,81532.0,UP,0.5312155985076775,0.4687844014923225,53.12155985076775,46.87844014923225,53.12155985076775,81324.0,-0.002554405279507622,DOWN,False,2026-05-14T19:30:12.025051+00:00
2026-05-14T19:30:00+00:00,2026-05-14T19:30:00+00:00,81324.0,UP,0.5365620297822232,0.4634379702177768,53.656202978222325,46.34379702177768,53.656202978222325,81414.0,0.0011060724498946494,UP,True,2026-05-14T19:45:11.704442+00:00
2026-05-14T19:45:00+00:00,2026-05-14T19:45:00+00:00,81414.0,UP,0.5276182918407968,0.4723817081592032,52.76182918407968,47.23817081592032,52.76182918407968,81397.0,-0.00020883109939480075,DOWN,False,2026-05-14T20:00:27.489422+00:00
2026-05-14T20:00:00+00:00,2026-05-14T20:00:00+00:00,81397.0,UP,0.5335532811584283,0.4664467188415717,53.35532811584282,46.64467188415718,53.35532811584282,81323.0,-0.0009095379191425101,DOWN,False,2026-05-14T20:15:12.009242+00:00
2026-05-14T20:15:00+00:00,2026-05-14T20:15:00+00:00,81323.0,UP,0.548965065220151,0.451034934779849,54.8965065220151,45.1034934779849,54.8965065220151,81262.0,-0.0007503767612295351,DOWN,False,2026-05-14T20:30:11.276940+00:00
2026-05-14T20:30:00+00:00,2026-05-14T20:30:00+00:00,81262.0,UP,0.5431256049227743,0.4568743950772257,54.31256049227743,45.68743950772257,54.31256049227743,81228.0,-0.00041848729763314794,DOWN,False,2026-05-14T20:45:11.275730+00:00
2026-05-14T20:45:00+00:00,2026-05-14T20:45:00+00:00,81228.0,UP,0.5326828952504373,0.4673171047495627,53.26828952504373,46.731710474956266,53.26828952504373,81397.0,0.0020784019780050746,UP,True,2026-05-14T21:00:11.270250+00:00
2026-05-14T21:00:00+00:00,2026-05-14T21:00:00+00:00,81397.0,UP,0.5160769761961991,0.4839230238038009,51.60769761961991,48.392302380380094,51.60769761961991,81315.0,-0.0010079159120648376,DOWN,False,2026-05-14T21:15:11.699964+00:00
2026-05-14T21:15:00+00:00,2026-05-14T21:15:00+00:00,81315.0,UP,0.5235778588146359,0.4764221411853641,52.35778588146359,47.64221411853641,52.35778588146359,81415.0,0.0012290298357723259,UP,True,2026-05-14T21:30:12.457174+00:00
2026-05-14T21:30:00+00:00,2026-05-14T21:30:00+00:00,81415.0,UP,0.5014328423120138,0.4985671576879862,50.14328423120138,49.85671576879862,50.14328423120138,81438.0,0.00028246332769942586,UP,True,2026-05-14T21:45:11.274845+00:00
2026-05-14T21:45:00+00:00,2026-05-14T21:45:00+00:00,81438.0,UP,0.5251130402863581,0.4748869597136419,52.511304028635806,47.488695971364194,52.511304028635806,81368.0,-0.0008599192205879278,DOWN,False,2026-05-14T22:00:26.711810+00:00
2026-05-14T22:00:00+00:00,2026-05-14T22:00:00+00:00,81368.0,UP,0.5262939486865102,0.4737060513134897,52.62939486865103,47.370605131348974,52.62939486865103,81483.0,0.0014123342087646637,UP,True,2026-05-14T22:15:11.270425+00:00
2026-05-14T22:15:00+00:00,2026-05-14T22:15:00+00:00,81483.0,UP,0.510080102468332,0.489919897531668,51.0080102468332,48.9919897531668,51.0080102468332,81425.0,-0.0007120583697624459,DOWN,False,2026-05-14T22:30:11.249491+00:00
2026-05-14T22:30:00+00:00,2026-05-14T22:30:00+00:00,81425.0,DOWN,0.4965880970597505,0.5034119029402495,49.65880970597505,50.34119029402496,50.34119029402496,81502.0,0.0009452086607225776,UP,False,2026-05-14T22:45:11.300452+00:00
2026-05-14T22:45:00+00:00,2026-05-14T22:45:00+00:00,81502.0,UP,0.5069696811377586,0.4930303188622413,50.69696811377587,49.30303188622413,50.69696811377587,81437.0,-0.0007978446344706812,DOWN,False,2026-05-14T23:00:13.798474+00:00
2026-05-14T23:00:00+00:00,2026-05-14T23:00:00+00:00,81437.0,UP,0.5044912503630535,0.4955087496369464,50.44912503630536,49.550874963694646,50.44912503630536,81233.0,-0.0025081466397440214,DOWN,False,2026-05-14T23:15:11.269830+00:00
2026-05-14T23:15:00+00:00,2026-05-14T23:15:00+00:00,81233.0,UP,0.5183040523456671,0.4816959476543329,51.83040523456671,48.16959476543329,51.83040523456671,81342.0,0.0013409197765023755,UP,True,2026-05-14T23:30:11.556229+00:00
2026-05-14T23:30:00+00:00,2026-05-14T23:30:00+00:00,81342.0,UP,0.5027530466050664,0.4972469533949336,50.27530466050664,49.724695339493366,50.27530466050664,81186.0,-0.0019196698157451302,DOWN,False,2026-05-14T23:45:11.260227+00:00
2026-05-14T23:45:00+00:00,2026-05-14T23:45:00+00:00,81186.0,UP,0.5113143704804313,0.4886856295195687,51.131437048043125,48.86856295195688,51.131437048043125,81065.0,-0.0014915165075297075,DOWN,False,2026-05-15T00:00:32.140603+00:00
2026-05-15T00:00:00+00:00,2026-05-15T00:00:00+00:00,81065.0,UP,0.5177918783136845,0.4822081216863155,51.779187831368446,48.220812168631554,51.779187831368446,81453.0,0.004774864780248142,UP,True,2026-05-15T00:15:12.590227+00:00
2026-05-15T00:15:00+00:00,2026-05-15T00:15:00+00:00,81453.0,DOWN,0.4788042786211006,0.5211957213788994,47.88042786211006,52.11957213788993,52.11957213788993,81430.0,-0.00028241130324053695,DOWN,True,2026-05-15T00:30:11.803317+00:00
2026-05-15T00:30:00+00:00,2026-05-15T00:30:00+00:00,81430.0,DOWN,0.4791296020560249,0.520870397943975,47.912960205602495,52.08703979439751,52.08703979439751,81322.0,-0.0013271728255565807,DOWN,True,2026-05-15T00:45:11.268530+00:00
2026-05-15T00:45:00+00:00,2026-05-15T00:45:00+00:00,81322.0,UP,0.5108656910607074,0.4891343089392925,51.08656910607075,48.91343089392925,51.08656910607075,81489.0,0.0020514591590012894,UP,True,2026-05-15T01:00:13.528389+00:00
2026-05-15T01:00:00+00:00,2026-05-15T01:00:00+00:00,81489.0,DOWN,0.4974451277386945,0.5025548722613056,49.744512773869445,50.25548722613056,50.25548722613056,81499.0,0.00012270842040577664,UP,False,2026-05-15T01:15:11.272271+00:00
2026-05-15T01:15:00+00:00,2026-05-15T01:15:00+00:00,81499.0,UP,0.517186349142663,0.4828136508573369,51.7186349142663,48.2813650857337,51.7186349142663,81355.0,-0.0017684556416080613,DOWN,False,2026-05-15T01:30:11.270557+00:00
2026-05-15T01:30:00+00:00,2026-05-15T01:30:00+00:00,81355.0,UP,0.5223763814743577,0.4776236185256423,52.237638147435774,47.76236185256423,52.237638147435774,81362.0,8.603895111546112e-05,UP,True,2026-05-15T01:45:11.274902+00:00
2026-05-15T01:45:00+00:00,2026-05-15T01:45:00+00:00,81362.0,UP,0.5251851188300566,0.4748148811699434,52.51851188300566,47.48148811699434,52.51851188300566,81108.0,-0.0031267336361802643,DOWN,False,2026-05-15T02:00:11.269707+00:00
2026-05-15T02:00:00+00:00,2026-05-15T02:00:00+00:00,81108.0,UP,0.5386835258621359,0.4613164741378641,53.86835258621359,46.13164741378641,53.86835258621359,80921.0,-0.0023082297987005425,DOWN,False,2026-05-15T02:15:11.277406+00:00
2026-05-15T02:15:00+00:00,2026-05-15T02:15:00+00:00,80921.0,UP,0.5685788877017075,0.4314211122982925,56.85788877017075,43.14211122982925,56.85788877017075,80875.0,-0.0005686172864522567,DOWN,False,2026-05-15T02:30:11.271413+00:00
2026-05-15T02:30:00+00:00,2026-05-15T02:30:00+00:00,80875.0,UP,0.5574240617685345,0.4425759382314654,55.74240617685346,44.25759382314654,55.74240617685346,81058.0,0.0022601949930445616,UP,True,2026-05-15T02:45:11.276475+00:00
2026-05-15T02:45:00+00:00,2026-05-15T02:45:00+00:00,81058.0,UP,0.515335440943779,0.4846645590562209,51.5335440943779,48.4664559056221,51.5335440943779,81276.0,0.00268582220665773,UP,True,2026-05-15T03:00:11.273719+00:00
2026-05-15T03:00:00+00:00,2026-05-15T03:00:00+00:00,81276.0,UP,0.5025465915475655,0.4974534084524344,50.25465915475655,49.74534084524345,50.25465915475655,81203.0,-0.0008985777228065249,DOWN,False,2026-05-15T03:15:11.255018+00:00
2026-05-15T03:15:00+00:00,2026-05-15T03:15:00+00:00,81203.0,UP,0.5148750979827634,0.4851249020172365,51.48750979827634,48.51249020172366,51.48750979827634,81223.0,0.0002462659931423911,UP,True,2026-05-15T03:30:11.296819+00:00
2026-05-15T03:30:00+00:00,2026-05-15T03:30:00+00:00,81223.0,UP,0.5009303230467423,0.4990696769532576,50.09303230467423,49.90696769532577,50.09303230467423,80969.0,-0.003132092922525043,DOWN,False,2026-05-15T03:45:11.286627+00:00
2026-05-15T03:45:00+00:00,2026-05-15T03:45:00+00:00,80969.0,UP,0.5381563321514787,0.4618436678485212,53.81563321514788,46.18436678485212,53.81563321514788,81036.0,0.0008271350121275065,UP,True,2026-05-15T04:00:11.972088+00:00
2026-05-15T04:00:00+00:00,2026-05-15T04:00:00+00:00,81036.0,UP,0.5120707773998422,0.4879292226001578,51.20707773998422,48.79292226001578,51.20707773998422,81001.0,-0.0004320001054613069,DOWN,False,2026-05-15T04:15:11.270973+00:00
2026-05-15T04:15:00+00:00,2026-05-15T04:15:00+00:00,81001.0,UP,0.5180979086313977,0.4819020913686023,51.80979086313977,48.19020913686023,51.80979086313977,80885.0,-0.001433107493586492,DOWN,False,2026-05-15T04:30:11.256856+00:00
2026-05-15T04:30:00+00:00,2026-05-15T04:30:00+00:00,80885.0,UP,0.5333847759792143,0.4666152240207857,53.33847759792143,46.66152240207857,53.33847759792143,80899.0,0.00017307026696031165,UP,True,2026-05-15T04:45:11.431710+00:00
2026-05-15T04:45:00+00:00,2026-05-15T04:45:00+00:00,80899.0,UP,0.5272547210995621,0.4727452789004379,52.72547210995621,47.27452789004379,52.72547210995621,80706.0,-0.002388541094118034,DOWN,False,2026-05-15T05:00:12.431994+00:00
2026-05-15T05:00:00+00:00,2026-05-15T05:00:00+00:00,80706.0,UP,0.5314089769054658,0.4685910230945341,53.14089769054659,46.85910230945341,53.14089769054659,80800.0,0.0011640435725501453,UP,True,2026-05-15T05:15:11.251964+00:00
2026-05-15T05:15:00+00:00,2026-05-15T05:15:00+00:00,80800.0,UP,0.5136830218660505,0.4863169781339495,51.36830218660505,48.63169781339495,51.36830218660505,80767.0,-0.00040849926604931484,DOWN,False,2026-05-15T05:30:11.385349+00:00
2026-05-15T05:30:00+00:00,2026-05-15T05:30:00+00:00,80767.0,UP,0.5180812873038975,0.4819187126961025,51.80812873038975,48.19187126961025,51.80812873038975,80443.0,-0.00401960717381568,DOWN,False,2026-05-15T05:45:12.534590+00:00
2026-05-15T05:45:00+00:00,2026-05-15T05:45:00+00:00,80443.0,UP,0.5406977064619924,0.4593022935380075,54.069770646199245,45.93022935380076,54.069770646199245,80345.0,-0.0012189965934681507,DOWN,False,2026-05-15T06:00:15.584214+00:00
2026-05-15T06:00:00+00:00,2026-05-15T06:00:00+00:00,80345.0,UP,0.5486182205929486,0.4513817794070514,54.86182205929487,45.138177940705134,54.86182205929487,80383.0,0.00047284854795702014,UP,True,2026-05-15T06:15:12.786995+00:00
2026-05-15T06:15:00+00:00,2026-05-15T06:15:00+00:00,80383.0,UP,0.528794847448614,0.4712051525513859,52.87948474486141,47.12051525513859,52.87948474486141,80499.0,0.0014420509454375206,UP,True,2026-05-15T06:30:13.928184+00:00
2026-05-15T06:30:00+00:00,2026-05-15T06:30:00+00:00,80499.0,UP,0.5259502368023509,0.4740497631976491,52.59502368023509,47.40497631976491,52.59502368023509,80581.0,0.0010181277263884183,UP,True,2026-05-15T06:45:12.322452+00:00
2026-05-15T06:45:00+00:00,2026-05-15T06:45:00+00:00,80581.0,UP,0.519107857048359,0.4808921429516409,51.9107857048359,48.0892142951641,51.9107857048359,80561.0,-0.0002482282719923513,DOWN,False,2026-05-15T07:00:11.271422+00:00
2026-05-15T07:00:00+00:00,2026-05-15T07:00:00+00:00,80561.0,UP,0.5201853435173349,0.4798146564826651,52.01853435173349,47.98146564826651,52.01853435173349,80756.0,0.0024176013064702447,UP,True,2026-05-15T07:15:12.141188+00:00
2026-05-15T07:15:00+00:00,2026-05-15T07:15:00+00:00,80756.0,UP,0.5039388202203415,0.4960611797796584,50.39388202203416,49.606117977965845,50.39388202203416,80896.0,0.001732116336360228,UP,True,2026-05-15T07:30:11.253740+00:00
2026-05-15T07:30:00+00:00,2026-05-15T07:30:00+00:00,80896.0,UP,0.5022407471774423,0.4977592528225577,50.22407471774423,49.77592528225577,50.22407471774423,80800.0,-0.0011874135572877919,DOWN,False,2026-05-15T07:45:11.250737+00:00
2026-05-15T07:45:00+00:00,2026-05-15T07:45:00+00:00,80800.0,UP,0.5270839626197954,0.4729160373802046,52.70839626197954,47.29160373802046,52.70839626197954,80802.0,2.4752168910008887e-05,UP,True,2026-05-15T08:00:11.286475+00:00
2026-05-15T08:00:00+00:00,2026-05-15T08:00:00+00:00,80802.0,UP,0.5171253918373662,0.4828746081626338,51.71253918373662,48.28746081626338,51.71253918373662,80717.0,-0.0010525078516672793,DOWN,False,2026-05-15T08:15:11.250222+00:00
2026-05-15T08:15:00+00:00,2026-05-15T08:15:00+00:00,80717.0,UP,0.5147772561826833,0.4852227438173166,51.47772561826833,48.52227438173167,51.47772561826833,80515.0,-0.0025057073743331047,DOWN,False,2026-05-15T08:30:11.279120+00:00
2026-05-15T08:30:00+00:00,2026-05-15T08:30:00+00:00,80515.0,UP,0.5410160891882203,0.4589839108117797,54.10160891882203,45.89839108117797,54.10160891882203,80663.0,0.0018364794400735776,UP,True,2026-05-15T08:45:14.444133+00:00
2026-05-15T08:45:00+00:00,2026-05-15T08:45:00+00:00,80663.0,UP,0.5121282621228156,0.4878717378771844,51.21282621228156,48.78717378771845,51.21282621228156,80626.0,-0.0004588037702390769,DOWN,False,2026-05-15T09:00:26.329011+00:00
2026-05-15T09:00:00+00:00,2026-05-15T09:00:00+00:00,80626.0,UP,0.5220171372441827,0.4779828627558172,52.20171372441828,47.79828627558173,52.20171372441828,80550.0,-0.0009430685168105871,DOWN,False,2026-05-15T09:15:11.605269+00:00
2026-05-15T09:15:00+00:00,2026-05-15T09:15:00+00:00,80550.0,UP,0.5326659578604122,0.4673340421395878,53.266595786041215,46.73340421395879,53.266595786041215,80562.0,0.00014896469564268654,UP,True,2026-05-15T09:30:13.490871+00:00
2026-05-15T09:30:00+00:00,2026-05-15T09:30:00+00:00,80562.0,UP,0.5215391771068232,0.4784608228931768,52.15391771068232,47.84608228931768,52.15391771068232,80404.0,-0.0019631481274763394,DOWN,False,2026-05-15T09:45:13.631523+00:00
2026-05-15T09:45:00+00:00,2026-05-15T09:45:00+00:00,80404.0,UP,0.5325505480072793,0.4674494519927207,53.25505480072793,46.74494519927207,53.25505480072793,80467.0,0.0007832362976627502,UP,True,2026-05-15T10:00:11.639082+00:00
2026-05-15T10:00:00+00:00,2026-05-15T10:00:00+00:00,80467.0,UP,0.5194755993633918,0.4805244006366082,51.94755993633918,48.05244006366082,51.94755993633918,80572.0,0.0013040321273650964,UP,True,2026-05-15T10:15:12.862660+00:00
2026-05-15T10:15:00+00:00,2026-05-15T10:15:00+00:00,80572.0,UP,0.5058684117745675,0.4941315882254324,50.58684117745676,49.413158822543245,50.58684117745676,80489.0,-0.0010306654913029806,DOWN,False,2026-05-15T10:30:11.252952+00:00
2026-05-15T10:30:00+00:00,2026-05-15T10:30:00+00:00,80489.0,UP,0.5145262584978455,0.4854737415021545,51.45262584978455,48.54737415021545,51.45262584978455,80513.0,0.00029813294465619414,UP,True,2026-05-15T10:45:11.265853+00:00
2026-05-15T10:45:00+00:00,2026-05-15T10:45:00+00:00,80513.0,UP,0.508618247367925,0.4913817526320749,50.86182473679251,49.13817526320749,50.86182473679251,80689.0,0.002183596604658,UP,True,2026-05-15T11:00:11.274529+00:00
2026-05-15T11:00:00+00:00,2026-05-15T11:00:00+00:00,80689.0,UP,0.5086829625700867,0.4913170374299133,50.86829625700867,49.13170374299133,50.86829625700867,80653.0,-0.0004462570266568511,DOWN,False,2026-05-15T11:15:11.269321+00:00
2026-05-15T11:15:00+00:00,2026-05-15T11:15:00+00:00,80653.0,UP,0.5097263192045681,0.4902736807954319,50.97263192045681,49.02736807954319,50.97263192045681,80613.0,-0.0004960748182543649,DOWN,False,2026-05-15T11:30:11.273433+00:00
2026-05-15T11:30:00+00:00,2026-05-15T11:30:00+00:00,80613.0,UP,0.512788167887515,0.487211832112485,51.2788167887515,48.7211832112485,51.2788167887515,80629.0,0.0001984594591050859,UP,True,2026-05-15T11:45:11.261389+00:00
2026-05-15T11:45:00+00:00,2026-05-15T11:45:00+00:00,80629.0,UP,0.5135197709595891,0.4864802290404109,51.35197709595892,48.648022904041085,51.35197709595892,80609.0,-0.0002480804785791446,DOWN,False,2026-05-15T12:00:17.975709+00:00
2026-05-15T12:00:00+00:00,2026-05-15T12:00:00+00:00,80609.0,UP,0.5053897508730985,0.4946102491269015,50.53897508730984,49.46102491269016,50.53897508730984,80385.0,-0.002782714194880353,DOWN,False,2026-05-15T12:15:11.278254+00:00
2026-05-15T12:15:00+00:00,2026-05-15T12:15:00+00:00,80385.0,UP,0.5380109834602242,0.4619890165397757,53.80109834602243,46.19890165397757,53.80109834602243,80522.0,0.0017028473976245177,UP,True,2026-05-15T12:30:11.275745+00:00
2026-05-15T12:30:00+00:00,2026-05-15T12:30:00+00:00,80522.0,UP,0.5072044396867825,0.4927955603132175,50.720443968678254,49.27955603132175,50.720443968678254,80387.0,-0.0016779674434023442,DOWN,False,2026-05-15T12:45:11.252191+00:00
2026-05-15T12:45:00+00:00,2026-05-15T12:45:00+00:00,80387.0,UP,0.5273365155275489,0.4726634844724511,52.73365155275489,47.26634844724511,52.73365155275489,80366.0,-0.0002612703976841699,DOWN,False,2026-05-15T13:00:12.635395+00:00
2026-05-15T13:00:00+00:00,2026-05-15T13:00:00+00:00,80366.0,UP,0.5216071770862043,0.4783928229137957,52.16071770862043,47.83928229137957,52.16071770862043,80108.0,-0.0032154769282841827,DOWN,False,2026-05-15T13:15:11.349518+00:00
2026-05-15T13:15:00+00:00,2026-05-15T13:15:00+00:00,80108.0,UP,0.556337090302671,0.443662909697329,55.6337090302671,44.3662909697329,55.6337090302671,79987.0,-0.0015116027738510053,DOWN,False,2026-05-15T13:30:11.823473+00:00
2026-05-15T13:30:00+00:00,2026-05-15T13:30:00+00:00,79987.0,UP,0.5420735252850492,0.4579264747149508,54.20735252850491,45.79264747149509,54.20735252850491,79118.0,-0.010923712533009977,DOWN,False,2026-05-15T13:45:14.492528+00:00
2026-05-15T13:45:00+00:00,2026-05-15T13:45:00+00:00,79118.0,UP,0.5752691555287709,0.4247308444712291,57.52691555287709,42.47308444712291,57.52691555287709,78715.0,-0.005106674469723778,DOWN,False,2026-05-15T14:00:13.346842+00:00
2026-05-15T14:00:00+00:00,2026-05-15T14:00:00+00:00,78715.0,UP,0.5749936600435348,0.4250063399564652,57.49936600435348,42.50063399564652,57.49936600435348,79217.0,0.00635718778517783,UP,True,2026-05-15T14:15:13.858097+00:00
2026-05-15T14:15:00+00:00,2026-05-15T14:15:00+00:00,79217.0,UP,0.5527220068664446,0.4472779931335554,55.27220068664446,44.72779931335554,55.27220068664446,79054.0,-0.0020597589909552576,DOWN,False,2026-05-15T14:30:11.255054+00:00
2026-05-15T14:30:00+00:00,2026-05-15T14:30:00+00:00,79054.0,UP,0.538164434493157,0.461835565506843,53.8164434493157,46.1835565506843,53.8164434493157,79192.0,0.0017441203566913729,UP,True,2026-05-15T14:45:13.082840+00:00
2026-05-15T14:45:00+00:00,2026-05-15T14:45:00+00:00,79192.0,UP,0.5328320925951457,0.4671679074048542,53.28320925951458,46.71679074048542,53.28320925951458,79124.0,-0.0008590414636768618,DOWN,False,2026-05-15T15:00:14.586193+00:00
2026-05-15T15:00:00+00:00,2026-05-15T15:00:00+00:00,79124.0,UP,0.5257327329003183,0.4742672670996817,52.57327329003183,47.42672670996817,52.57327329003183,79212.0,0.001111560340804717,UP,True,2026-05-15T15:15:11.848648+00:00
2026-05-15T15:15:00+00:00,2026-05-15T15:15:00+00:00,79212.0,UP,0.5182568037696642,0.4817431962303358,51.82568037696642,48.17431962303358,51.82568037696642,79117.0,-0.0012000329870159717,DOWN,False,2026-05-15T15:30:11.567604+00:00
2026-05-15T15:30:00+00:00,2026-05-15T15:30:00+00:00,79117.0,UP,0.5345882935305164,0.4654117064694836,53.45882935305164,46.54117064694836,53.45882935305164,79064.0,-0.0006701184337352563,DOWN,False,2026-05-15T15:45:11.796759+00:00
2026-05-15T15:45:00+00:00,2026-05-15T15:45:00+00:00,79064.0,UP,0.5286430288684816,0.4713569711315184,52.86430288684816,47.13569711315184,52.86430288684816,,,,,
